Instance,BD TW,TW,BD
combi/extensions_10003513344_298.apx,5,5,73
combi/extensions_100192997081088_228.apx,2,4,107
combi/extensions_101449728_342.apx,2,4,75
combi/extensions_10219806988959744_345.apx,5,5,90
combi/extensions_1024346884796477079552_149.apx,5,5,129
combi/extensions_10368000_323.apx,3,4,50
combi/extensions_103716426350592000_306.apx,5,5,128
combi/extensions_1050551753675636736_235.apx,2,4,104
combi/extensions_1053009828642816_363.apx,5,5,80
combi/extensions_105836544_21.apx,5,5,56
combi/extensions_1063744841904033890304000_95.apx,5,5,147
combi/extensions_10653855356289024_148.apx,5,5,111
combi/extensions_1066556410822656000_329.apx,3,4,123
combi/extensions_108156405421874866028544_337.apx,5,5,144
combi/extensions_109223313408_301.apx,5,5,56
combi/extensions_10956570624_109.apx,2,4,74
combi/extensions_1104150528000_278.apx,3,4,78
combi/extensions_1127550365466624_18.apx,5,5,94
combi/extensions_11280384000_136.apx,3,4,68
combi/extensions_113016097619513966592_85.apx,5,5,113
combi/extensions_1135431013950346493952_304.apx,5,5,108
combi/extensions_11478197414481887232_221.apx,5,5,98
combi/extensions_11497146415054848000_183.apx,3,4,116
combi/extensions_115684287228281880576000_31.apx,3,4,144
combi/extensions_1166830945173504_319.apx,2,4,73
combi/extensions_11777605632_236.apx,2,4,60
combi/extensions_119203828719226454016000000_369.apx,5,5,150
combi/extensions_11920748838912_143.apx,2,4,82
combi/extensions_119808000_241.apx,3,4,64
combi/extensions_12041846784_206.apx,5,5,85
combi/extensions_1211709058449408_256.apx,2,4,106
combi/extensions_121264128_284.apx,2,4,67
combi/extensions_1221175535468544_259.apx,2,4,84
combi/extensions_12288_205.apx,2,4,40
combi/extensions_1237864218624_116.apx,5,5,72
combi/extensions_12384_140.apx,2,4,37
combi/extensions_124353135625233235968000_227.apx,3,4,134
combi/extensions_12582912_344.apx,2,4,74
combi/extensions_12681216_65.apx,2,4,67
combi/extensions_1277952_334.apx,2,4,49
combi/extensions_128397312000_59.apx,3,4,72
combi/extensions_128446365696_362.apx,5,5,84
combi/extensions_129042167888628154368_289.apx,2,4,126
combi/extensions_1300519452672000_94.apx,5,5,110
combi/extensions_132084006912000_368.apx,5,5,90
combi/extensions_1320903770112000_134.apx,3,4,119
combi/extensions_132125206601810313216_90.apx,2,4,103
combi/extensions_1327104000000_81.apx,3,4,71
combi/extensions_13353320448000000_371.apx,3,4,112
combi/extensions_1342136075157504000_310.apx,5,5,121
combi/extensions_1351480246272_161.apx,2,4,72
combi/extensions_13547077632_365.apx,5,5,81
combi/extensions_1358954496_281.apx,2,4,79
combi/extensions_1366788430585997033472000_158.apx,5,5,139
combi/extensions_13673800138752000_103.apx,3,4,121
combi/extensions_13780626702336000_93.apx,3,4,101
combi/extensions_14266368000_333.apx,3,4,99
combi/extensions_142713802658414592_318.apx,5,5,94
combi/extensions_14415789293568000_0.apx,3,4,115
combi/extensions_144326446779727872_215.apx,5,5,94
combi/extensions_144502161408_160.apx,5,5,74
combi/extensions_14608760832_187.apx,2,4,87
combi/extensions_151279452529291689984_16.apx,2,4,129
combi/extensions_15145632792576_170.apx,5,5,77
combi/extensions_1519311126528_167.apx,2,4,86
combi/extensions_1536_129.apx,2,4,42
combi/extensions_15606233432064000_326.apx,5,5,123
combi/extensions_1565515579392_291.apx,2,4,85
combi/extensions_156672_305.apx,2,4,52
combi/extensions_1575827630513455104000_220.apx,3,4,125
combi/extensions_1585152_331.apx,2,4,69
combi/extensions_1591835810070528_11.apx,5,5,112
combi/extensions_159682589097984_275.apx,2,4,119
combi/extensions_159682589097984000000_194.apx,3,4,117
combi/extensions_163516911823355904_263.apx,5,5,98
combi/extensions_1637691162624_62.apx,5,5,105
combi/extensions_16563253248000_54.apx,3,4,80
combi/extensions_16581623021568000_53.apx,5,5,88
combi/extensions_1662001435581087744_36.apx,5,5,120
combi/extensions_16873931241802432512_159.apx,5,5,134
combi/extensions_1695343341784554012672000_131.apx,5,5,126
combi/extensions_1734025936896_189.apx,5,5,84
combi/extensions_17447768977047552_58.apx,5,5,87
combi/extensions_17639424000_108.apx,5,5,78
combi/extensions_17666408448_360.apx,2,4,63
combi/extensions_1769472_125.apx,2,2,48
combi/extensions_17866515432496693248_6.apx,5,5,129
combi/extensions_18062770176_25.apx,5,5,80
combi/extensions_181747593510912_292.apx,5,5,91
combi/extensions_18374168936448_312.apx,2,4,112
combi/extensions_18432000_214.apx,3,4,63
combi/extensions_1871280340992000_233.apx,3,4,102
combi/extensions_188153856_106.apx,5,5,56
combi/extensions_188153856_244.apx,5,5,59
combi/extensions_18874368_122.apx,2,4,69
combi/extensions_189913890816_330.apx,2,4,57
combi/extensions_19168642930153822409981952_203.apx,5,5,168
combi/extensions_192204623051155832832000_239.apx,5,5,134
combi/extensions_1925185536000_178.apx,3,4,85
combi/extensions_19280714538046980096000_146.apx,3,4,120
combi/extensions_1938640997449728_22.apx,5,5,111
combi/extensions_1940226048_353.apx,2,4,69
combi/extensions_1950779179008000_247.apx,5,5,96
combi/extensions_1966770751537152_322.apx,5,5,107
combi/extensions_19713294671913418752_302.apx,5,5,111
combi/extensions_197741381739872256_28.apx,5,5,114
combi/extensions_1978269696_99.apx,2,4,68
combi/extensions_20194177056768_10.apx,5,5,75
combi/extensions_203046912000000_286.apx,3,4,87
combi/extensions_20510700208128000_13.apx,3,4,84
combi/extensions_207920037888000_370.apx,3,4,94
combi/extensions_209544413184_219.apx,2,4,66
combi/extensions_2125694626072363008_372.apx,2,4,109
combi/extensions_21356069227906203648_243.apx,5,5,115
combi/extensions_214398185189960318976_42.apx,5,5,124
combi/extensions_21623683940352_213.apx,2,4,101
combi/extensions_2165833728000_202.apx,3,4,92
combi/extensions_21716832117325824_145.apx,2,4,108
combi/extensions_21743271936_287.apx,2,4,85
combi/extensions_218446626816_86.apx,5,5,62
combi/extensions_22047677743104_3.apx,2,4,101
combi/extensions_2252602441728000_35.apx,3,4,104
combi/extensions_22542337179648_268.apx,5,5,66
combi/extensions_2257846272000_96.apx,5,5,91
combi/extensions_2261300281344000_98.apx,3,4,91
combi/extensions_22994565725159424000000_295.apx,5,5,133
combi/extensions_23102226432_75.apx,2,4,57
combi/extensions_2330097352704_182.apx,5,5,70
combi/extensions_2330097352704_238.apx,5,5,68
combi/extensions_2335357865558016000_308.apx,3,4,105
combi/extensions_233910042624000_279.apx,3,4,80
combi/extensions_23409350148096_283.apx,5,5,95
combi/extensions_23739236352_255.apx,2,4,65
combi/extensions_2391406454331408384_176.apx,2,4,112
combi/extensions_2396080366269227801247744_204.apx,5,5,133
combi/extensions_240648192_209.apx,2,4,59
combi/extensions_241197958338705358848000_251.apx,5,5,127
combi/extensions_241395163987968000000_43.apx,3,4,156
combi/extensions_2438296776965357568000_38.apx,3,4,135
combi/extensions_24461180928_294.apx,2,4,80
combi/extensions_24461180928000_349.apx,3,4,113
combi/extensions_24576_185.apx,2,4,34
combi/extensions_24576_44.apx,2,4,41
combi/extensions_25048249270272_377.apx,2,4,104
combi/extensions_250871808_67.apx,5,5,54
combi/extensions_252035484157476864_195.apx,2,4,113
combi/extensions_2574881749204992_184.apx,2,4,98
combi/extensions_2592000000_375.apx,3,4,61
combi/extensions_259484207284224000_179.apx,3,4,89
combi/extensions_2613248_107.apx,5,5,45
combi/extensions_264168013824_27.apx,5,5,82
combi/extensions_2644768871940096000_186.apx,5,5,104
combi/extensions_2654208000_114.apx,3,4,72
combi/extensions_2660225067043944136704_258.apx,5,5,140
combi/extensions_266639102705664_343.apx,2,2,74
combi/extensions_26706640896000_132.apx,3,4,80
combi/extensions_267378671222784000_367.apx,5,5,104
combi/extensions_269268679655424_154.apx,2,4,81
combi/extensions_270729216000_200.apx,3,4,78
combi/extensions_270729216000_303.apx,3,4,79
combi/extensions_27094155264_274.apx,5,5,54
combi/extensions_27094155264_52.apx,5,5,70
combi/extensions_2717908992_191.apx,2,4,79
combi/extensions_27518828544000_19.apx,3,4,80
combi/extensions_276037632000_254.apx,3,4,52
combi/extensions_27614793083501150208_150.apx,5,5,112
combi/extensions_27648000_64.apx,3,4,53
combi/extensions_277226717184_270.apx,2,4,97
combi/extensions_2804882079744_231.apx,2,4,65
combi/extensions_2817792147456_105.apx,5,5,81
combi/extensions_2884317216768000000_91.apx,3,4,104
combi/extensions_2885419158994944_212.apx,5,5,87
combi/extensions_2920488099542728704_102.apx,5,5,104
combi/extensions_294912000_356.apx,3,4,59
combi/extensions_2967404544_124.apx,2,4,63
combi/extensions_2967404544000_12.apx,3,4,80
combi/extensions_297643649531904000000_366.apx,3,4,126
combi/extensions_299510045783653475155968_248.apx,5,5,130
combi/extensions_301989888_165.apx,2,4,85
combi/extensions_30291265585152_34.apx,5,5,98
combi/extensions_3040830554112000_325.apx,3,4,102
combi/extensions_304349184_211.apx,2,4,68
combi/extensions_3057647616_137.apx,2,4,75
combi/extensions_30777804362612736_190.apx,5,5,113
combi/extensions_3096000_264.apx,3,4,44
combi/extensions_3113810487410688_8.apx,2,4,91
combi/extensions_311880056832_88.apx,2,4,79
combi/extensions_311880056832000_50.apx,3,4,83
combi/extensions_31603968_78.apx,5,5,67
combi/extensions_318229423645131817353216_297.apx,5,5,137
combi/extensions_32211265803780096000_307.apx,5,5,139
combi/extensions_3246391296_376.apx,2,4,95
combi/extensions_3261333504_192.apx,5,5,66
combi/extensions_331776000_354.apx,3,4,55
combi/extensions_33473462739664896_26.apx,2,4,98
combi/extensions_335534018789376000_172.apx,5,5,107
combi/extensions_3364402290673223467008000_267.apx,5,5,142
combi/extensions_338151365148672000000_226.apx,3,4,114
combi/extensions_338530415608332288000_271.apx,5,5,113
combi/extensions_33959163948171264_351.apx,5,5,115
combi/extensions_339738624_142.apx,2,4,62
combi/extensions_3414293199445819392_225.apx,2,4,107
combi/extensions_34572142116864_2.apx,5,5,97
combi/extensions_345978943045632_242.apx,2,4,101
combi/extensions_34653339648_169.apx,2,4,76
combi/extensions_3531753050609811456000_118.apx,5,5,122
combi/extensions_35332816896_63.apx,2,4,61
combi/extensions_35332816896_71.apx,2,4,93
combi/extensions_353741291126784000_89.apx,5,5,105
combi/extensions_35485019799552_276.apx,2,4,124
combi/extensions_35762246516736_66.apx,2,4,89
combi/extensions_360538738498191017115648_45.apx,5,5,142
combi/extensions_36748337872896000_311.apx,3,4,94
combi/extensions_36775387769990545642881024_126.apx,5,5,151
combi/extensions_3680722944_359.apx,2,4,57
combi/extensions_36864_177.apx,2,4,47
combi/extensions_36947570375610335232_152.apx,5,5,125
combi/extensions_37308651798528000_300.apx,5,5,111
combi/extensions_374549602369536000_272.apx,5,5,91
combi/extensions_3751317504000_355.apx,5,5,82
combi/extensions_38395933495103350558748049408_113.apx,5,5,160
combi/extensions_3877281994899456000_261.apx,5,5,114
combi/extensions_388349558784000_340.apx,5,5,80
combi/extensions_39136002048_246.apx,5,5,63
combi/extensions_39486903373920215236608_61.apx,2,4,126
combi/extensions_396288_341.apx,2,4,65
combi/extensions_396288_374.apx,2,4,31
combi/extensions_396288000_119.apx,3,4,72
combi/extensions_3981312000_373.apx,3,4,70
combi/extensions_3981312000_84.apx,3,4,87
combi/extensions_39920647274496000000_4.apx,3,4,135
combi/extensions_40108032_23.apx,2,4,50
combi/extensions_403903019483136000000_257.apx,3,4,104
combi/extensions_4045307904_280.apx,5,5,61
combi/extensions_414995110458855285325824_252.apx,5,5,122
combi/extensions_418746455449141248_260.apx,5,5,104
combi/extensions_429146958200832_153.apx,2,4,113
combi/extensions_429146958200832_46.apx,2,4,97
combi/extensions_4303059983055408070656_101.apx,2,4,131
combi/extensions_434490340737024000000_110.apx,5,5,128
combi/extensions_43486543872_20.apx,2,4,92
combi/extensions_43826282496000_324.apx,3,4,110
combi/extensions_442368_188.apx,2,4,34
combi/extensions_442368_309.apx,2,4,53
combi/extensions_4435627474944_83.apx,2,4,83
combi/extensions_4451106816000_237.apx,3,4,83
combi/extensions_445824000_166.apx,3,4,63
combi/extensions_44878113275904_156.apx,2,4,90
combi/extensions_45084674359296000_317.apx,5,5,106
combi/extensions_45121536_265.apx,2,4,71
combi/extensions_45121536000_346.apx,3,4,81
combi/extensions_45121536000_358.apx,3,4,85
combi/extensions_452984832_30.apx,2,4,68
combi/extensions_45506406861766656000_240.apx,3,4,109
combi/extensions_4557933379584_151.apx,2,4,63
combi/extensions_456523776_217.apx,2,4,49
combi/extensions_458115780320428032_33.apx,5,5,108
combi/extensions_46006272_234.apx,2,4,69
combi/extensions_460090368000_76.apx,3,4,89
combi/extensions_46072898207231942930303287296_123.apx,5,5,162
combi/extensions_4608_321.apx,2,3,45
combi/extensions_46565425152_197.apx,2,4,69
combi/extensions_4660194705408_117.apx,5,5,90
combi/extensions_46761768756631830528000_100.apx,5,5,134
combi/extensions_469451482419519553536_157.apx,5,5,118
combi/extensions_4718592_147.apx,2,4,65
combi/extensions_4718592_299.apx,2,4,72
combi/extensions_4733238509568000_29.apx,3,4,103
combi/extensions_47639715517588176283631616_73.apx,5,5,163
combi/extensions_47682995355648_121.apx,2,4,96
combi/extensions_47775744000_347.apx,3,3,60
combi/extensions_48258145356844049104896000_164.apx,5,5,147
combi/extensions_4892000256000_24.apx,5,5,75
combi/extensions_492847497216_7.apx,2,4,99
combi/extensions_49536_138.apx,2,4,36
combi/extensions_496292095347130368_130.apx,5,5,98
combi/extensions_496697868288_180.apx,2,4,72
combi/extensions_5001756672_82.apx,5,5,66
combi/extensions_50054823936_230.apx,2,4,89
combi/extensions_50096498540544_232.apx,2,4,93
combi/extensions_504070968314953728_313.apx,2,4,121
combi/extensions_50724864_290.apx,2,4,71
combi/extensions_508988252749824000_139.apx,3,4,129
combi/extensions_5117255884113972893319168000000_357.apx,5,5,174
combi/extensions_51980009472000_224.apx,3,4,82
combi/extensions_5202077810688000_207.apx,5,5,87
combi/extensions_535575403834638336000_285.apx,3,4,129
combi/extensions_5478285312000_201.apx,3,4,85
combi/extensions_55059337445376_97.apx,5,5,98
combi/extensions_55296000_222.apx,3,4,82
combi/extensions_554453434368_60.apx,2,4,71
combi/extensions_555770554808795136_223.apx,2,4,119
combi/extensions_556388352_314.apx,2,4,59
combi/extensions_558785101824000_198.apx,3,4,105
combi/extensions_56048588773392384000_332.apx,3,4,109
combi/extensions_569741672448000000_68.apx,3,4,99
combi/extensions_57306089162539008000_72.apx,5,5,113
combi/extensions_5750784000_55.apx,3,4,77
combi/extensions_57663157174272_162.apx,2,4,89
combi/extensions_582524338176_338.apx,5,5,96
combi/extensions_5879808_210.apx,5,5,55
combi/extensions_5888802816000_335.apx,3,4,79
combi/extensions_589824_32.apx,2,4,69
combi/extensions_5934809088_253.apx,2,4,56
combi/extensions_60112899145728_296.apx,5,5,90
combi/extensions_60348790996992000_77.apx,3,4,100
combi/extensions_608698368_15.apx,2,4,60
combi/extensions_61341696_17.apx,2,4,63
combi/extensions_6144_173.apx,2,4,30
combi/extensions_616040458497294336_293.apx,5,5,124
combi/extensions_617220145152_218.apx,2,4,79
combi/extensions_618932109312000_249.apx,5,5,89
combi/extensions_6227620974821376_70.apx,2,4,118
combi/extensions_631068033024_92.apx,5,5,84
combi/extensions_63207936_273.apx,5,5,45
combi/extensions_654311424_171.apx,2,4,81
combi/extensions_654542987153375232000000_51.apx,5,5,137
combi/extensions_656342406660096_266.apx,2,4,75
combi/extensions_65739423744_74.apx,2,4,70
combi/extensions_6699943287186259968_49.apx,5,5,103
combi/extensions_6773538816000_328.apx,5,5,89
combi/extensions_6773538816000_39.apx,5,5,86
combi/extensions_67918327896342528_339.apx,5,5,112
combi/extensions_679477248000_229.apx,3,4,90
combi/extensions_6836900069376_144.apx,2,4,67
combi/extensions_6912000_168.apx,3,4,74
combi/extensions_70228050444288000_193.apx,5,5,108
combi/extensions_7044820107264_216.apx,2,4,99
combi/extensions_70665633792_277.apx,2,4,85
combi/extensions_709951537152000_40.apx,5,5,91
combi/extensions_7207894646784_196.apx,2,4,95
combi/extensions_721354789748736_48.apx,5,5,103
combi/extensions_721944576_127.apx,2,4,68
combi/extensions_736100352_135.apx,1,4,38
combi/extensions_7395309772435888275456_348.apx,5,5,140
combi/extensions_741851136000_120.apx,3,4,84
combi/extensions_741851136000_199.apx,3,4,71
combi/extensions_741851136000_41.apx,3,4,84
combi/extensions_74563115286528_336.apx,5,5,109
combi/extensions_7488000_9.apx,3,3,70
combi/extensions_75082235904000_111.apx,3,4,83
combi/extensions_76087296000_115.apx,3,4,84
combi/extensions_7760904192_269.apx,2,4,63
combi/extensions_77970014208000_327.apx,3,4,97
combi/extensions_7803116716032000_104.apx,5,5,102
combi/extensions_78514960396713984000_14.apx,5,5,119
combi/extensions_78973806747840430473216_47.apx,2,4,138
combi/extensions_7962624000_350.apx,3,4,78
combi/extensions_79841294548992000_133.apx,3,4,91
combi/extensions_80465054662656000_57.apx,3,4,104
combi/extensions_8137159028605005594624_155.apx,5,5,140
combi/extensions_8137159028605005594624_282.apx,5,5,142
combi/extensions_817864170799104000_174.apx,5,5,100
combi/extensions_8217427968_320.apx,2,4,63
combi/extensions_8220567404544_245.apx,5,5,93
combi/extensions_86299901952_315.apx,5,5,98
combi/extensions_865251243374998928228352_250.apx,5,5,145
combi/extensions_8663334912000_163.apx,3,4,109
combi/extensions_8663334912000_208.apx,3,4,111
combi/extensions_8829913238461218816_141.apx,5,5,112
combi/extensions_900250777606422528_128.apx,5,5,99
combi/extensions_90169348718592_364.apx,5,5,78
combi/extensions_90243072_80.apx,2,4,65
combi/extensions_9031385088000_37.apx,5,5,106
combi/extensions_91872000_5.apx,5,5,66
combi/extensions_921201278976_56.apx,5,5,93
combi/extensions_92408905728_262.apx,2,4,83
combi/extensions_929818409435136_112.apx,2,4,103
combi/extensions_93054767877586944_69.apx,5,5,104
combi/extensions_934960693248_79.apx,2,4,87
combi/extensions_9466477019136000_361.apx,3,4,92
combi/extensions_958106905214976_87.apx,5,5,96
combi/extensions_958464_316.apx,2,4,40
combi/extensions_959572598537060352_288.apx,2,4,125
combi/extensions_9677695859269042176_352.apx,5,5,128
combi/extensions_9784000512_181.apx,5,5,55
combi/extensions_981089827418013696_175.apx,2,4,103
combi/extensions_9980161818624000_1.apx,3,4,102
generated_only1/extensions_1048576_gen_cyc_4_dense_20_sparse_1_levels_3_prob_0.2.apx,2,4,24
generated_only1/extensions_1048576_gen_cyc_4_dense_20_sparse_1_levels_3_prob_0.3.apx,2,4,24
generated_only1/extensions_1048576_gen_cyc_4_dense_20_sparse_1_levels_3_prob_0.4.apx,2,4,24
generated_only1/extensions_1048576_gen_cyc_4_dense_20_sparse_1_levels_3_prob_0.5.apx,2,4,24
generated_only1/extensions_1048576_gen_cyc_4_dense_20_sparse_1_levels_3_prob_0.6.apx,2,4,24
generated_only1/extensions_1048576_gen_cyc_4_dense_20_sparse_1_levels_3_prob_0.7.apx,2,3,24
generated_only1/extensions_1048576_gen_cyc_4_dense_20_sparse_2_levels_3_prob_0.2.apx,2,4,28
generated_only1/extensions_1048576_gen_cyc_4_dense_20_sparse_2_levels_3_prob_0.3.apx,2,4,28
generated_only1/extensions_1048576_gen_cyc_4_dense_20_sparse_2_levels_3_prob_0.4.apx,2,4,28
generated_only1/extensions_1048576_gen_cyc_4_dense_20_sparse_2_levels_3_prob_0.5.apx,2,4,28
generated_only1/extensions_1048576_gen_cyc_4_dense_20_sparse_2_levels_3_prob_0.6.apx,2,4,28
generated_only1/extensions_1048576_gen_cyc_4_dense_20_sparse_2_levels_3_prob_0.7.apx,2,3,28
generated_only1/extensions_1048576_gen_cyc_4_dense_20_sparse_3_levels_3_prob_0.2.apx,2,4,32
generated_only1/extensions_1048576_gen_cyc_4_dense_20_sparse_3_levels_3_prob_0.3.apx,2,4,32
generated_only1/extensions_1048576_gen_cyc_4_dense_20_sparse_3_levels_3_prob_0.4.apx,2,4,32
generated_only1/extensions_1048576_gen_cyc_4_dense_20_sparse_3_levels_3_prob_0.5.apx,2,4,32
generated_only1/extensions_1048576_gen_cyc_4_dense_20_sparse_3_levels_3_prob_0.6.apx,2,4,32
generated_only1/extensions_1048576_gen_cyc_4_dense_20_sparse_3_levels_3_prob_0.7.apx,2,3,32
generated_only1/extensions_1073741824_gen_cyc_4_dense_30_sparse_1_levels_3_prob_0.2.apx,2,4,34
generated_only1/extensions_1073741824_gen_cyc_4_dense_30_sparse_1_levels_3_prob_0.3.apx,2,4,34
generated_only1/extensions_1073741824_gen_cyc_4_dense_30_sparse_1_levels_3_prob_0.4.apx,2,4,34
generated_only1/extensions_1073741824_gen_cyc_4_dense_30_sparse_1_levels_3_prob_0.5.apx,2,4,34
generated_only1/extensions_1073741824_gen_cyc_4_dense_30_sparse_1_levels_3_prob_0.6.apx,2,4,34
generated_only1/extensions_1073741824_gen_cyc_4_dense_30_sparse_1_levels_3_prob_0.7.apx,2,3,34
generated_only1/extensions_1073741824_gen_cyc_4_dense_30_sparse_2_levels_3_prob_0.2.apx,2,4,38
generated_only1/extensions_1073741824_gen_cyc_4_dense_30_sparse_2_levels_3_prob_0.3.apx,2,4,38
generated_only1/extensions_1073741824_gen_cyc_4_dense_30_sparse_2_levels_3_prob_0.4.apx,2,4,38
generated_only1/extensions_1073741824_gen_cyc_4_dense_30_sparse_2_levels_3_prob_0.5.apx,2,4,38
generated_only1/extensions_1073741824_gen_cyc_4_dense_30_sparse_2_levels_3_prob_0.6.apx,2,4,38
generated_only1/extensions_1073741824_gen_cyc_4_dense_30_sparse_2_levels_3_prob_0.7.apx,2,3,38
generated_only1/extensions_1073741824_gen_cyc_4_dense_30_sparse_3_levels_3_prob_0.2.apx,2,4,42
generated_only1/extensions_1073741824_gen_cyc_4_dense_30_sparse_3_levels_3_prob_0.3.apx,2,4,42
generated_only1/extensions_1073741824_gen_cyc_4_dense_30_sparse_3_levels_3_prob_0.4.apx,2,4,42
generated_only1/extensions_1073741824_gen_cyc_4_dense_30_sparse_3_levels_3_prob_0.5.apx,2,4,42
generated_only1/extensions_1073741824_gen_cyc_4_dense_30_sparse_3_levels_3_prob_0.6.apx,2,4,42
generated_only1/extensions_1073741824_gen_cyc_4_dense_30_sparse_3_levels_3_prob_0.7.apx,2,3,42
generated_only1/extensions_1099511627776_gen_cyc_4_dense_40_sparse_1_levels_3_prob_0.2.apx,2,4,44
generated_only1/extensions_1099511627776_gen_cyc_4_dense_40_sparse_1_levels_3_prob_0.3.apx,2,4,44
generated_only1/extensions_1099511627776_gen_cyc_4_dense_40_sparse_1_levels_3_prob_0.4.apx,2,4,44
generated_only1/extensions_1099511627776_gen_cyc_4_dense_40_sparse_1_levels_3_prob_0.5.apx,2,4,44
generated_only1/extensions_1099511627776_gen_cyc_4_dense_40_sparse_1_levels_3_prob_0.6.apx,2,4,44
generated_only1/extensions_1099511627776_gen_cyc_4_dense_40_sparse_1_levels_3_prob_0.7.apx,2,3,44
generated_only1/extensions_1099511627776_gen_cyc_4_dense_40_sparse_2_levels_3_prob_0.2.apx,2,4,48
generated_only1/extensions_1099511627776_gen_cyc_4_dense_40_sparse_2_levels_3_prob_0.3.apx,2,4,48
generated_only1/extensions_1099511627776_gen_cyc_4_dense_40_sparse_2_levels_3_prob_0.4.apx,2,4,48
generated_only1/extensions_1099511627776_gen_cyc_4_dense_40_sparse_2_levels_3_prob_0.5.apx,2,4,48
generated_only1/extensions_1099511627776_gen_cyc_4_dense_40_sparse_2_levels_3_prob_0.6.apx,2,4,48
generated_only1/extensions_1099511627776_gen_cyc_4_dense_40_sparse_2_levels_3_prob_0.7.apx,2,3,48
generated_only1/extensions_1099511627776_gen_cyc_4_dense_40_sparse_3_levels_3_prob_0.2.apx,2,4,52
generated_only1/extensions_1099511627776_gen_cyc_4_dense_40_sparse_3_levels_3_prob_0.3.apx,2,4,52
generated_only1/extensions_1099511627776_gen_cyc_4_dense_40_sparse_3_levels_3_prob_0.4.apx,2,4,52
generated_only1/extensions_1099511627776_gen_cyc_4_dense_40_sparse_3_levels_3_prob_0.5.apx,2,4,52
generated_only1/extensions_1099511627776_gen_cyc_4_dense_40_sparse_3_levels_3_prob_0.6.apx,2,4,52
generated_only1/extensions_1099511627776_gen_cyc_4_dense_40_sparse_3_levels_3_prob_0.7.apx,2,3,52
generated_only1/extensions_134217728_gen_cyc_4_dense_27_sparse_1_levels_3_prob_0.2.apx,2,4,31
generated_only1/extensions_134217728_gen_cyc_4_dense_27_sparse_1_levels_3_prob_0.3.apx,2,4,31
generated_only1/extensions_134217728_gen_cyc_4_dense_27_sparse_1_levels_3_prob_0.4.apx,2,4,31
generated_only1/extensions_134217728_gen_cyc_4_dense_27_sparse_1_levels_3_prob_0.5.apx,2,4,31
generated_only1/extensions_134217728_gen_cyc_4_dense_27_sparse_1_levels_3_prob_0.6.apx,2,4,31
generated_only1/extensions_134217728_gen_cyc_4_dense_27_sparse_1_levels_3_prob_0.7.apx,2,3,31
generated_only1/extensions_134217728_gen_cyc_4_dense_27_sparse_2_levels_3_prob_0.2.apx,2,4,35
generated_only1/extensions_134217728_gen_cyc_4_dense_27_sparse_2_levels_3_prob_0.3.apx,2,4,35
generated_only1/extensions_134217728_gen_cyc_4_dense_27_sparse_2_levels_3_prob_0.4.apx,2,4,35
generated_only1/extensions_134217728_gen_cyc_4_dense_27_sparse_2_levels_3_prob_0.5.apx,2,4,35
generated_only1/extensions_134217728_gen_cyc_4_dense_27_sparse_2_levels_3_prob_0.6.apx,2,4,35
generated_only1/extensions_134217728_gen_cyc_4_dense_27_sparse_2_levels_3_prob_0.7.apx,2,3,35
generated_only1/extensions_134217728_gen_cyc_4_dense_27_sparse_3_levels_3_prob_0.2.apx,2,4,39
generated_only1/extensions_134217728_gen_cyc_4_dense_27_sparse_3_levels_3_prob_0.3.apx,2,4,39
generated_only1/extensions_134217728_gen_cyc_4_dense_27_sparse_3_levels_3_prob_0.4.apx,2,4,39
generated_only1/extensions_134217728_gen_cyc_4_dense_27_sparse_3_levels_3_prob_0.5.apx,2,4,39
generated_only1/extensions_134217728_gen_cyc_4_dense_27_sparse_3_levels_3_prob_0.6.apx,2,4,39
generated_only1/extensions_134217728_gen_cyc_4_dense_27_sparse_3_levels_3_prob_0.7.apx,2,3,39
generated_only1/extensions_137438953472_gen_cyc_4_dense_37_sparse_1_levels_3_prob_0.2.apx,2,4,41
generated_only1/extensions_137438953472_gen_cyc_4_dense_37_sparse_1_levels_3_prob_0.3.apx,2,4,41
generated_only1/extensions_137438953472_gen_cyc_4_dense_37_sparse_1_levels_3_prob_0.4.apx,2,4,41
generated_only1/extensions_137438953472_gen_cyc_4_dense_37_sparse_1_levels_3_prob_0.5.apx,2,4,41
generated_only1/extensions_137438953472_gen_cyc_4_dense_37_sparse_1_levels_3_prob_0.6.apx,2,4,41
generated_only1/extensions_137438953472_gen_cyc_4_dense_37_sparse_1_levels_3_prob_0.7.apx,2,3,41
generated_only1/extensions_137438953472_gen_cyc_4_dense_37_sparse_2_levels_3_prob_0.2.apx,2,4,45
generated_only1/extensions_137438953472_gen_cyc_4_dense_37_sparse_2_levels_3_prob_0.3.apx,2,4,45
generated_only1/extensions_137438953472_gen_cyc_4_dense_37_sparse_2_levels_3_prob_0.4.apx,2,4,45
generated_only1/extensions_137438953472_gen_cyc_4_dense_37_sparse_2_levels_3_prob_0.5.apx,2,4,45
generated_only1/extensions_137438953472_gen_cyc_4_dense_37_sparse_2_levels_3_prob_0.6.apx,2,4,45
generated_only1/extensions_137438953472_gen_cyc_4_dense_37_sparse_2_levels_3_prob_0.7.apx,2,3,45
generated_only1/extensions_137438953472_gen_cyc_4_dense_37_sparse_3_levels_3_prob_0.2.apx,2,4,49
generated_only1/extensions_137438953472_gen_cyc_4_dense_37_sparse_3_levels_3_prob_0.3.apx,2,4,49
generated_only1/extensions_137438953472_gen_cyc_4_dense_37_sparse_3_levels_3_prob_0.4.apx,2,4,49
generated_only1/extensions_137438953472_gen_cyc_4_dense_37_sparse_3_levels_3_prob_0.5.apx,2,4,49
generated_only1/extensions_137438953472_gen_cyc_4_dense_37_sparse_3_levels_3_prob_0.6.apx,2,4,49
generated_only1/extensions_137438953472_gen_cyc_4_dense_37_sparse_3_levels_3_prob_0.7.apx,2,3,49
generated_only1/extensions_16777216_gen_cyc_4_dense_24_sparse_1_levels_3_prob_0.2.apx,2,4,28
generated_only1/extensions_16777216_gen_cyc_4_dense_24_sparse_1_levels_3_prob_0.3.apx,2,4,28
generated_only1/extensions_16777216_gen_cyc_4_dense_24_sparse_1_levels_3_prob_0.4.apx,2,4,28
generated_only1/extensions_16777216_gen_cyc_4_dense_24_sparse_1_levels_3_prob_0.5.apx,2,4,28
generated_only1/extensions_16777216_gen_cyc_4_dense_24_sparse_1_levels_3_prob_0.6.apx,2,4,28
generated_only1/extensions_16777216_gen_cyc_4_dense_24_sparse_1_levels_3_prob_0.7.apx,2,3,28
generated_only1/extensions_16777216_gen_cyc_4_dense_24_sparse_2_levels_3_prob_0.2.apx,2,4,32
generated_only1/extensions_16777216_gen_cyc_4_dense_24_sparse_2_levels_3_prob_0.3.apx,2,4,32
generated_only1/extensions_16777216_gen_cyc_4_dense_24_sparse_2_levels_3_prob_0.4.apx,2,4,32
generated_only1/extensions_16777216_gen_cyc_4_dense_24_sparse_2_levels_3_prob_0.5.apx,2,4,32
generated_only1/extensions_16777216_gen_cyc_4_dense_24_sparse_2_levels_3_prob_0.6.apx,2,4,32
generated_only1/extensions_16777216_gen_cyc_4_dense_24_sparse_2_levels_3_prob_0.7.apx,2,3,32
generated_only1/extensions_16777216_gen_cyc_4_dense_24_sparse_3_levels_3_prob_0.2.apx,2,4,36
generated_only1/extensions_16777216_gen_cyc_4_dense_24_sparse_3_levels_3_prob_0.3.apx,2,4,36
generated_only1/extensions_16777216_gen_cyc_4_dense_24_sparse_3_levels_3_prob_0.4.apx,2,4,36
generated_only1/extensions_16777216_gen_cyc_4_dense_24_sparse_3_levels_3_prob_0.5.apx,2,4,36
generated_only1/extensions_16777216_gen_cyc_4_dense_24_sparse_3_levels_3_prob_0.6.apx,2,4,36
generated_only1/extensions_16777216_gen_cyc_4_dense_24_sparse_3_levels_3_prob_0.7.apx,2,3,36
generated_only1/extensions_17179869184_gen_cyc_4_dense_34_sparse_1_levels_3_prob_0.2.apx,2,4,38
generated_only1/extensions_17179869184_gen_cyc_4_dense_34_sparse_1_levels_3_prob_0.3.apx,2,4,38
generated_only1/extensions_17179869184_gen_cyc_4_dense_34_sparse_1_levels_3_prob_0.4.apx,2,4,38
generated_only1/extensions_17179869184_gen_cyc_4_dense_34_sparse_1_levels_3_prob_0.5.apx,2,4,38
generated_only1/extensions_17179869184_gen_cyc_4_dense_34_sparse_1_levels_3_prob_0.6.apx,2,4,38
generated_only1/extensions_17179869184_gen_cyc_4_dense_34_sparse_1_levels_3_prob_0.7.apx,2,3,38
generated_only1/extensions_17179869184_gen_cyc_4_dense_34_sparse_2_levels_3_prob_0.2.apx,2,4,42
generated_only1/extensions_17179869184_gen_cyc_4_dense_34_sparse_2_levels_3_prob_0.3.apx,2,4,42
generated_only1/extensions_17179869184_gen_cyc_4_dense_34_sparse_2_levels_3_prob_0.4.apx,2,4,42
generated_only1/extensions_17179869184_gen_cyc_4_dense_34_sparse_2_levels_3_prob_0.5.apx,2,4,42
generated_only1/extensions_17179869184_gen_cyc_4_dense_34_sparse_2_levels_3_prob_0.6.apx,2,4,42
generated_only1/extensions_17179869184_gen_cyc_4_dense_34_sparse_2_levels_3_prob_0.7.apx,2,3,42
generated_only1/extensions_17179869184_gen_cyc_4_dense_34_sparse_3_levels_3_prob_0.2.apx,2,4,46
generated_only1/extensions_17179869184_gen_cyc_4_dense_34_sparse_3_levels_3_prob_0.3.apx,2,4,46
generated_only1/extensions_17179869184_gen_cyc_4_dense_34_sparse_3_levels_3_prob_0.4.apx,2,4,46
generated_only1/extensions_17179869184_gen_cyc_4_dense_34_sparse_3_levels_3_prob_0.5.apx,2,4,46
generated_only1/extensions_17179869184_gen_cyc_4_dense_34_sparse_3_levels_3_prob_0.6.apx,2,4,46
generated_only1/extensions_17179869184_gen_cyc_4_dense_34_sparse_3_levels_3_prob_0.7.apx,2,3,46
generated_only1/extensions_2097152_gen_cyc_4_dense_21_sparse_1_levels_3_prob_0.2.apx,2,4,25
generated_only1/extensions_2097152_gen_cyc_4_dense_21_sparse_1_levels_3_prob_0.3.apx,2,4,25
generated_only1/extensions_2097152_gen_cyc_4_dense_21_sparse_1_levels_3_prob_0.4.apx,2,4,25
generated_only1/extensions_2097152_gen_cyc_4_dense_21_sparse_1_levels_3_prob_0.5.apx,2,4,25
generated_only1/extensions_2097152_gen_cyc_4_dense_21_sparse_1_levels_3_prob_0.6.apx,2,4,25
generated_only1/extensions_2097152_gen_cyc_4_dense_21_sparse_1_levels_3_prob_0.7.apx,2,3,25
generated_only1/extensions_2097152_gen_cyc_4_dense_21_sparse_2_levels_3_prob_0.2.apx,2,4,29
generated_only1/extensions_2097152_gen_cyc_4_dense_21_sparse_2_levels_3_prob_0.3.apx,2,4,29
generated_only1/extensions_2097152_gen_cyc_4_dense_21_sparse_2_levels_3_prob_0.4.apx,2,4,29
generated_only1/extensions_2097152_gen_cyc_4_dense_21_sparse_2_levels_3_prob_0.5.apx,2,4,29
generated_only1/extensions_2097152_gen_cyc_4_dense_21_sparse_2_levels_3_prob_0.6.apx,2,4,29
generated_only1/extensions_2097152_gen_cyc_4_dense_21_sparse_2_levels_3_prob_0.7.apx,2,3,29
generated_only1/extensions_2097152_gen_cyc_4_dense_21_sparse_3_levels_3_prob_0.2.apx,2,4,33
generated_only1/extensions_2097152_gen_cyc_4_dense_21_sparse_3_levels_3_prob_0.3.apx,2,4,33
generated_only1/extensions_2097152_gen_cyc_4_dense_21_sparse_3_levels_3_prob_0.4.apx,2,4,33
generated_only1/extensions_2097152_gen_cyc_4_dense_21_sparse_3_levels_3_prob_0.5.apx,2,4,33
generated_only1/extensions_2097152_gen_cyc_4_dense_21_sparse_3_levels_3_prob_0.6.apx,2,4,33
generated_only1/extensions_2097152_gen_cyc_4_dense_21_sparse_3_levels_3_prob_0.7.apx,2,3,33
generated_only1/extensions_2147483648_gen_cyc_4_dense_31_sparse_1_levels_3_prob_0.2.apx,2,4,35
generated_only1/extensions_2147483648_gen_cyc_4_dense_31_sparse_1_levels_3_prob_0.3.apx,2,4,35
generated_only1/extensions_2147483648_gen_cyc_4_dense_31_sparse_1_levels_3_prob_0.4.apx,2,4,35
generated_only1/extensions_2147483648_gen_cyc_4_dense_31_sparse_1_levels_3_prob_0.5.apx,2,4,35
generated_only1/extensions_2147483648_gen_cyc_4_dense_31_sparse_1_levels_3_prob_0.6.apx,2,4,35
generated_only1/extensions_2147483648_gen_cyc_4_dense_31_sparse_1_levels_3_prob_0.7.apx,2,3,35
generated_only1/extensions_2147483648_gen_cyc_4_dense_31_sparse_2_levels_3_prob_0.2.apx,2,4,39
generated_only1/extensions_2147483648_gen_cyc_4_dense_31_sparse_2_levels_3_prob_0.3.apx,2,4,39
generated_only1/extensions_2147483648_gen_cyc_4_dense_31_sparse_2_levels_3_prob_0.4.apx,2,4,39
generated_only1/extensions_2147483648_gen_cyc_4_dense_31_sparse_2_levels_3_prob_0.5.apx,2,4,39
generated_only1/extensions_2147483648_gen_cyc_4_dense_31_sparse_2_levels_3_prob_0.6.apx,2,4,39
generated_only1/extensions_2147483648_gen_cyc_4_dense_31_sparse_2_levels_3_prob_0.7.apx,2,3,39
generated_only1/extensions_2147483648_gen_cyc_4_dense_31_sparse_3_levels_3_prob_0.2.apx,2,4,43
generated_only1/extensions_2147483648_gen_cyc_4_dense_31_sparse_3_levels_3_prob_0.3.apx,2,4,43
generated_only1/extensions_2147483648_gen_cyc_4_dense_31_sparse_3_levels_3_prob_0.4.apx,2,4,43
generated_only1/extensions_2147483648_gen_cyc_4_dense_31_sparse_3_levels_3_prob_0.5.apx,2,4,43
generated_only1/extensions_2147483648_gen_cyc_4_dense_31_sparse_3_levels_3_prob_0.6.apx,2,4,43
generated_only1/extensions_2147483648_gen_cyc_4_dense_31_sparse_3_levels_3_prob_0.7.apx,2,3,43
generated_only1/extensions_268435456_gen_cyc_4_dense_28_sparse_1_levels_3_prob_0.2.apx,2,4,32
generated_only1/extensions_268435456_gen_cyc_4_dense_28_sparse_1_levels_3_prob_0.3.apx,2,4,32
generated_only1/extensions_268435456_gen_cyc_4_dense_28_sparse_1_levels_3_prob_0.4.apx,2,4,32
generated_only1/extensions_268435456_gen_cyc_4_dense_28_sparse_1_levels_3_prob_0.5.apx,2,4,32
generated_only1/extensions_268435456_gen_cyc_4_dense_28_sparse_1_levels_3_prob_0.6.apx,2,4,32
generated_only1/extensions_268435456_gen_cyc_4_dense_28_sparse_1_levels_3_prob_0.7.apx,2,3,32
generated_only1/extensions_268435456_gen_cyc_4_dense_28_sparse_2_levels_3_prob_0.2.apx,2,4,36
generated_only1/extensions_268435456_gen_cyc_4_dense_28_sparse_2_levels_3_prob_0.3.apx,2,4,36
generated_only1/extensions_268435456_gen_cyc_4_dense_28_sparse_2_levels_3_prob_0.4.apx,2,4,36
generated_only1/extensions_268435456_gen_cyc_4_dense_28_sparse_2_levels_3_prob_0.5.apx,2,4,36
generated_only1/extensions_268435456_gen_cyc_4_dense_28_sparse_2_levels_3_prob_0.6.apx,2,4,36
generated_only1/extensions_268435456_gen_cyc_4_dense_28_sparse_2_levels_3_prob_0.7.apx,2,3,36
generated_only1/extensions_268435456_gen_cyc_4_dense_28_sparse_3_levels_3_prob_0.2.apx,2,4,40
generated_only1/extensions_268435456_gen_cyc_4_dense_28_sparse_3_levels_3_prob_0.3.apx,2,4,40
generated_only1/extensions_268435456_gen_cyc_4_dense_28_sparse_3_levels_3_prob_0.4.apx,2,4,40
generated_only1/extensions_268435456_gen_cyc_4_dense_28_sparse_3_levels_3_prob_0.5.apx,2,4,40
generated_only1/extensions_268435456_gen_cyc_4_dense_28_sparse_3_levels_3_prob_0.6.apx,2,4,40
generated_only1/extensions_268435456_gen_cyc_4_dense_28_sparse_3_levels_3_prob_0.7.apx,2,3,40
generated_only1/extensions_274877906944_gen_cyc_4_dense_38_sparse_1_levels_3_prob_0.2.apx,2,4,42
generated_only1/extensions_274877906944_gen_cyc_4_dense_38_sparse_1_levels_3_prob_0.3.apx,2,4,42
generated_only1/extensions_274877906944_gen_cyc_4_dense_38_sparse_1_levels_3_prob_0.4.apx,2,4,42
generated_only1/extensions_274877906944_gen_cyc_4_dense_38_sparse_1_levels_3_prob_0.5.apx,2,4,42
generated_only1/extensions_274877906944_gen_cyc_4_dense_38_sparse_1_levels_3_prob_0.6.apx,2,4,42
generated_only1/extensions_274877906944_gen_cyc_4_dense_38_sparse_1_levels_3_prob_0.7.apx,2,3,42
generated_only1/extensions_274877906944_gen_cyc_4_dense_38_sparse_2_levels_3_prob_0.2.apx,2,4,46
generated_only1/extensions_274877906944_gen_cyc_4_dense_38_sparse_2_levels_3_prob_0.3.apx,2,4,46
generated_only1/extensions_274877906944_gen_cyc_4_dense_38_sparse_2_levels_3_prob_0.4.apx,2,4,46
generated_only1/extensions_274877906944_gen_cyc_4_dense_38_sparse_2_levels_3_prob_0.5.apx,2,4,46
generated_only1/extensions_274877906944_gen_cyc_4_dense_38_sparse_2_levels_3_prob_0.6.apx,2,4,46
generated_only1/extensions_274877906944_gen_cyc_4_dense_38_sparse_2_levels_3_prob_0.7.apx,2,3,46
generated_only1/extensions_274877906944_gen_cyc_4_dense_38_sparse_3_levels_3_prob_0.2.apx,2,4,50
generated_only1/extensions_274877906944_gen_cyc_4_dense_38_sparse_3_levels_3_prob_0.3.apx,2,4,50
generated_only1/extensions_274877906944_gen_cyc_4_dense_38_sparse_3_levels_3_prob_0.4.apx,2,4,50
generated_only1/extensions_274877906944_gen_cyc_4_dense_38_sparse_3_levels_3_prob_0.5.apx,2,4,50
generated_only1/extensions_274877906944_gen_cyc_4_dense_38_sparse_3_levels_3_prob_0.6.apx,2,4,50
generated_only1/extensions_274877906944_gen_cyc_4_dense_38_sparse_3_levels_3_prob_0.7.apx,2,3,50
generated_only1/extensions_33554432_gen_cyc_4_dense_25_sparse_1_levels_3_prob_0.2.apx,2,4,29
generated_only1/extensions_33554432_gen_cyc_4_dense_25_sparse_1_levels_3_prob_0.3.apx,2,4,29
generated_only1/extensions_33554432_gen_cyc_4_dense_25_sparse_1_levels_3_prob_0.4.apx,2,4,29
generated_only1/extensions_33554432_gen_cyc_4_dense_25_sparse_1_levels_3_prob_0.5.apx,2,4,29
generated_only1/extensions_33554432_gen_cyc_4_dense_25_sparse_1_levels_3_prob_0.6.apx,2,4,29
generated_only1/extensions_33554432_gen_cyc_4_dense_25_sparse_1_levels_3_prob_0.7.apx,2,3,29
generated_only1/extensions_33554432_gen_cyc_4_dense_25_sparse_2_levels_3_prob_0.2.apx,2,4,33
generated_only1/extensions_33554432_gen_cyc_4_dense_25_sparse_2_levels_3_prob_0.3.apx,2,4,33
generated_only1/extensions_33554432_gen_cyc_4_dense_25_sparse_2_levels_3_prob_0.4.apx,2,4,33
generated_only1/extensions_33554432_gen_cyc_4_dense_25_sparse_2_levels_3_prob_0.5.apx,2,4,33
generated_only1/extensions_33554432_gen_cyc_4_dense_25_sparse_2_levels_3_prob_0.6.apx,2,4,33
generated_only1/extensions_33554432_gen_cyc_4_dense_25_sparse_2_levels_3_prob_0.7.apx,2,3,33
generated_only1/extensions_33554432_gen_cyc_4_dense_25_sparse_3_levels_3_prob_0.2.apx,2,4,37
generated_only1/extensions_33554432_gen_cyc_4_dense_25_sparse_3_levels_3_prob_0.3.apx,2,4,37
generated_only1/extensions_33554432_gen_cyc_4_dense_25_sparse_3_levels_3_prob_0.4.apx,2,4,37
generated_only1/extensions_33554432_gen_cyc_4_dense_25_sparse_3_levels_3_prob_0.5.apx,2,4,37
generated_only1/extensions_33554432_gen_cyc_4_dense_25_sparse_3_levels_3_prob_0.6.apx,2,4,37
generated_only1/extensions_33554432_gen_cyc_4_dense_25_sparse_3_levels_3_prob_0.7.apx,2,3,37
generated_only1/extensions_34359738368_gen_cyc_4_dense_35_sparse_1_levels_3_prob_0.2.apx,2,4,39
generated_only1/extensions_34359738368_gen_cyc_4_dense_35_sparse_1_levels_3_prob_0.3.apx,2,4,39
generated_only1/extensions_34359738368_gen_cyc_4_dense_35_sparse_1_levels_3_prob_0.4.apx,2,4,39
generated_only1/extensions_34359738368_gen_cyc_4_dense_35_sparse_1_levels_3_prob_0.5.apx,2,4,39
generated_only1/extensions_34359738368_gen_cyc_4_dense_35_sparse_1_levels_3_prob_0.6.apx,2,4,39
generated_only1/extensions_34359738368_gen_cyc_4_dense_35_sparse_1_levels_3_prob_0.7.apx,2,3,39
generated_only1/extensions_34359738368_gen_cyc_4_dense_35_sparse_2_levels_3_prob_0.2.apx,2,4,43
generated_only1/extensions_34359738368_gen_cyc_4_dense_35_sparse_2_levels_3_prob_0.3.apx,2,4,43
generated_only1/extensions_34359738368_gen_cyc_4_dense_35_sparse_2_levels_3_prob_0.4.apx,2,4,43
generated_only1/extensions_34359738368_gen_cyc_4_dense_35_sparse_2_levels_3_prob_0.5.apx,2,4,43
generated_only1/extensions_34359738368_gen_cyc_4_dense_35_sparse_2_levels_3_prob_0.6.apx,2,4,43
generated_only1/extensions_34359738368_gen_cyc_4_dense_35_sparse_2_levels_3_prob_0.7.apx,2,3,43
generated_only1/extensions_34359738368_gen_cyc_4_dense_35_sparse_3_levels_3_prob_0.2.apx,2,4,47
generated_only1/extensions_34359738368_gen_cyc_4_dense_35_sparse_3_levels_3_prob_0.3.apx,2,4,47
generated_only1/extensions_34359738368_gen_cyc_4_dense_35_sparse_3_levels_3_prob_0.4.apx,2,4,47
generated_only1/extensions_34359738368_gen_cyc_4_dense_35_sparse_3_levels_3_prob_0.5.apx,2,4,47
generated_only1/extensions_34359738368_gen_cyc_4_dense_35_sparse_3_levels_3_prob_0.6.apx,2,4,47
generated_only1/extensions_34359738368_gen_cyc_4_dense_35_sparse_3_levels_3_prob_0.7.apx,2,3,47
generated_only1/extensions_4194304_gen_cyc_4_dense_22_sparse_1_levels_3_prob_0.2.apx,2,4,26
generated_only1/extensions_4194304_gen_cyc_4_dense_22_sparse_1_levels_3_prob_0.3.apx,2,4,26
generated_only1/extensions_4194304_gen_cyc_4_dense_22_sparse_1_levels_3_prob_0.4.apx,2,4,26
generated_only1/extensions_4194304_gen_cyc_4_dense_22_sparse_1_levels_3_prob_0.5.apx,2,4,26
generated_only1/extensions_4194304_gen_cyc_4_dense_22_sparse_1_levels_3_prob_0.6.apx,2,4,26
generated_only1/extensions_4194304_gen_cyc_4_dense_22_sparse_1_levels_3_prob_0.7.apx,2,3,26
generated_only1/extensions_4194304_gen_cyc_4_dense_22_sparse_2_levels_3_prob_0.2.apx,2,4,30
generated_only1/extensions_4194304_gen_cyc_4_dense_22_sparse_2_levels_3_prob_0.3.apx,2,4,30
generated_only1/extensions_4194304_gen_cyc_4_dense_22_sparse_2_levels_3_prob_0.4.apx,2,4,30
generated_only1/extensions_4194304_gen_cyc_4_dense_22_sparse_2_levels_3_prob_0.5.apx,2,4,30
generated_only1/extensions_4194304_gen_cyc_4_dense_22_sparse_2_levels_3_prob_0.6.apx,2,4,30
generated_only1/extensions_4194304_gen_cyc_4_dense_22_sparse_2_levels_3_prob_0.7.apx,2,3,30
generated_only1/extensions_4194304_gen_cyc_4_dense_22_sparse_3_levels_3_prob_0.2.apx,2,4,34
generated_only1/extensions_4194304_gen_cyc_4_dense_22_sparse_3_levels_3_prob_0.3.apx,2,4,34
generated_only1/extensions_4194304_gen_cyc_4_dense_22_sparse_3_levels_3_prob_0.4.apx,2,4,34
generated_only1/extensions_4194304_gen_cyc_4_dense_22_sparse_3_levels_3_prob_0.5.apx,2,4,34
generated_only1/extensions_4194304_gen_cyc_4_dense_22_sparse_3_levels_3_prob_0.6.apx,2,4,34
generated_only1/extensions_4194304_gen_cyc_4_dense_22_sparse_3_levels_3_prob_0.7.apx,2,3,34
generated_only1/extensions_4294967296_gen_cyc_4_dense_32_sparse_1_levels_3_prob_0.2.apx,2,4,36
generated_only1/extensions_4294967296_gen_cyc_4_dense_32_sparse_1_levels_3_prob_0.3.apx,2,4,36
generated_only1/extensions_4294967296_gen_cyc_4_dense_32_sparse_1_levels_3_prob_0.4.apx,2,4,36
generated_only1/extensions_4294967296_gen_cyc_4_dense_32_sparse_1_levels_3_prob_0.5.apx,2,4,36
generated_only1/extensions_4294967296_gen_cyc_4_dense_32_sparse_1_levels_3_prob_0.6.apx,2,4,36
generated_only1/extensions_4294967296_gen_cyc_4_dense_32_sparse_1_levels_3_prob_0.7.apx,2,3,36
generated_only1/extensions_4294967296_gen_cyc_4_dense_32_sparse_2_levels_3_prob_0.2.apx,2,4,40
generated_only1/extensions_4294967296_gen_cyc_4_dense_32_sparse_2_levels_3_prob_0.3.apx,2,4,40
generated_only1/extensions_4294967296_gen_cyc_4_dense_32_sparse_2_levels_3_prob_0.4.apx,2,4,40
generated_only1/extensions_4294967296_gen_cyc_4_dense_32_sparse_2_levels_3_prob_0.5.apx,2,4,40
generated_only1/extensions_4294967296_gen_cyc_4_dense_32_sparse_2_levels_3_prob_0.6.apx,2,4,40
generated_only1/extensions_4294967296_gen_cyc_4_dense_32_sparse_2_levels_3_prob_0.7.apx,2,3,40
generated_only1/extensions_4294967296_gen_cyc_4_dense_32_sparse_3_levels_3_prob_0.2.apx,2,4,44
generated_only1/extensions_4294967296_gen_cyc_4_dense_32_sparse_3_levels_3_prob_0.3.apx,2,4,44
generated_only1/extensions_4294967296_gen_cyc_4_dense_32_sparse_3_levels_3_prob_0.4.apx,2,4,44
generated_only1/extensions_4294967296_gen_cyc_4_dense_32_sparse_3_levels_3_prob_0.5.apx,2,4,44
generated_only1/extensions_4294967296_gen_cyc_4_dense_32_sparse_3_levels_3_prob_0.6.apx,2,4,44
generated_only1/extensions_4294967296_gen_cyc_4_dense_32_sparse_3_levels_3_prob_0.7.apx,2,3,44
generated_only1/extensions_536870912_gen_cyc_4_dense_29_sparse_1_levels_3_prob_0.2.apx,2,4,33
generated_only1/extensions_536870912_gen_cyc_4_dense_29_sparse_1_levels_3_prob_0.3.apx,2,4,33
generated_only1/extensions_536870912_gen_cyc_4_dense_29_sparse_1_levels_3_prob_0.4.apx,2,4,33
generated_only1/extensions_536870912_gen_cyc_4_dense_29_sparse_1_levels_3_prob_0.5.apx,2,4,33
generated_only1/extensions_536870912_gen_cyc_4_dense_29_sparse_1_levels_3_prob_0.6.apx,2,4,33
generated_only1/extensions_536870912_gen_cyc_4_dense_29_sparse_1_levels_3_prob_0.7.apx,2,3,33
generated_only1/extensions_536870912_gen_cyc_4_dense_29_sparse_2_levels_3_prob_0.2.apx,2,4,37
generated_only1/extensions_536870912_gen_cyc_4_dense_29_sparse_2_levels_3_prob_0.3.apx,2,4,37
generated_only1/extensions_536870912_gen_cyc_4_dense_29_sparse_2_levels_3_prob_0.4.apx,2,4,37
generated_only1/extensions_536870912_gen_cyc_4_dense_29_sparse_2_levels_3_prob_0.5.apx,2,4,37
generated_only1/extensions_536870912_gen_cyc_4_dense_29_sparse_2_levels_3_prob_0.6.apx,2,4,37
generated_only1/extensions_536870912_gen_cyc_4_dense_29_sparse_2_levels_3_prob_0.7.apx,2,3,37
generated_only1/extensions_536870912_gen_cyc_4_dense_29_sparse_3_levels_3_prob_0.2.apx,2,4,41
generated_only1/extensions_536870912_gen_cyc_4_dense_29_sparse_3_levels_3_prob_0.3.apx,2,4,41
generated_only1/extensions_536870912_gen_cyc_4_dense_29_sparse_3_levels_3_prob_0.4.apx,2,4,41
generated_only1/extensions_536870912_gen_cyc_4_dense_29_sparse_3_levels_3_prob_0.5.apx,2,4,41
generated_only1/extensions_536870912_gen_cyc_4_dense_29_sparse_3_levels_3_prob_0.6.apx,2,4,41
generated_only1/extensions_536870912_gen_cyc_4_dense_29_sparse_3_levels_3_prob_0.7.apx,2,3,41
generated_only1/extensions_549755813888_gen_cyc_4_dense_39_sparse_1_levels_3_prob_0.2.apx,2,4,43
generated_only1/extensions_549755813888_gen_cyc_4_dense_39_sparse_1_levels_3_prob_0.3.apx,2,4,43
generated_only1/extensions_549755813888_gen_cyc_4_dense_39_sparse_1_levels_3_prob_0.4.apx,2,4,43
generated_only1/extensions_549755813888_gen_cyc_4_dense_39_sparse_1_levels_3_prob_0.5.apx,2,4,43
generated_only1/extensions_549755813888_gen_cyc_4_dense_39_sparse_1_levels_3_prob_0.6.apx,2,4,43
generated_only1/extensions_549755813888_gen_cyc_4_dense_39_sparse_1_levels_3_prob_0.7.apx,2,3,43
generated_only1/extensions_549755813888_gen_cyc_4_dense_39_sparse_2_levels_3_prob_0.2.apx,2,4,47
generated_only1/extensions_549755813888_gen_cyc_4_dense_39_sparse_2_levels_3_prob_0.3.apx,2,4,47
generated_only1/extensions_549755813888_gen_cyc_4_dense_39_sparse_2_levels_3_prob_0.4.apx,2,4,47
generated_only1/extensions_549755813888_gen_cyc_4_dense_39_sparse_2_levels_3_prob_0.5.apx,2,4,47
generated_only1/extensions_549755813888_gen_cyc_4_dense_39_sparse_2_levels_3_prob_0.6.apx,2,4,47
generated_only1/extensions_549755813888_gen_cyc_4_dense_39_sparse_2_levels_3_prob_0.7.apx,2,3,47
generated_only1/extensions_549755813888_gen_cyc_4_dense_39_sparse_3_levels_3_prob_0.2.apx,2,4,51
generated_only1/extensions_549755813888_gen_cyc_4_dense_39_sparse_3_levels_3_prob_0.3.apx,2,4,51
generated_only1/extensions_549755813888_gen_cyc_4_dense_39_sparse_3_levels_3_prob_0.4.apx,2,4,51
generated_only1/extensions_549755813888_gen_cyc_4_dense_39_sparse_3_levels_3_prob_0.5.apx,2,4,51
generated_only1/extensions_549755813888_gen_cyc_4_dense_39_sparse_3_levels_3_prob_0.6.apx,2,4,51
generated_only1/extensions_549755813888_gen_cyc_4_dense_39_sparse_3_levels_3_prob_0.7.apx,2,3,51
generated_only1/extensions_67108864_gen_cyc_4_dense_26_sparse_1_levels_3_prob_0.2.apx,2,4,30
generated_only1/extensions_67108864_gen_cyc_4_dense_26_sparse_1_levels_3_prob_0.3.apx,2,4,30
generated_only1/extensions_67108864_gen_cyc_4_dense_26_sparse_1_levels_3_prob_0.4.apx,2,4,30
generated_only1/extensions_67108864_gen_cyc_4_dense_26_sparse_1_levels_3_prob_0.5.apx,2,4,30
generated_only1/extensions_67108864_gen_cyc_4_dense_26_sparse_1_levels_3_prob_0.6.apx,2,4,30
generated_only1/extensions_67108864_gen_cyc_4_dense_26_sparse_1_levels_3_prob_0.7.apx,2,3,30
generated_only1/extensions_67108864_gen_cyc_4_dense_26_sparse_2_levels_3_prob_0.2.apx,2,4,34
generated_only1/extensions_67108864_gen_cyc_4_dense_26_sparse_2_levels_3_prob_0.3.apx,2,4,34
generated_only1/extensions_67108864_gen_cyc_4_dense_26_sparse_2_levels_3_prob_0.4.apx,2,4,34
generated_only1/extensions_67108864_gen_cyc_4_dense_26_sparse_2_levels_3_prob_0.5.apx,2,4,34
generated_only1/extensions_67108864_gen_cyc_4_dense_26_sparse_2_levels_3_prob_0.6.apx,2,4,34
generated_only1/extensions_67108864_gen_cyc_4_dense_26_sparse_2_levels_3_prob_0.7.apx,2,3,34
generated_only1/extensions_67108864_gen_cyc_4_dense_26_sparse_3_levels_3_prob_0.2.apx,2,4,38
generated_only1/extensions_67108864_gen_cyc_4_dense_26_sparse_3_levels_3_prob_0.3.apx,2,4,38
generated_only1/extensions_67108864_gen_cyc_4_dense_26_sparse_3_levels_3_prob_0.4.apx,2,4,38
generated_only1/extensions_67108864_gen_cyc_4_dense_26_sparse_3_levels_3_prob_0.5.apx,2,4,38
generated_only1/extensions_67108864_gen_cyc_4_dense_26_sparse_3_levels_3_prob_0.6.apx,2,4,38
generated_only1/extensions_67108864_gen_cyc_4_dense_26_sparse_3_levels_3_prob_0.7.apx,2,3,38
generated_only1/extensions_68719476736_gen_cyc_4_dense_36_sparse_1_levels_3_prob_0.2.apx,2,4,40
generated_only1/extensions_68719476736_gen_cyc_4_dense_36_sparse_1_levels_3_prob_0.3.apx,2,4,40
generated_only1/extensions_68719476736_gen_cyc_4_dense_36_sparse_1_levels_3_prob_0.4.apx,2,4,40
generated_only1/extensions_68719476736_gen_cyc_4_dense_36_sparse_1_levels_3_prob_0.5.apx,2,4,40
generated_only1/extensions_68719476736_gen_cyc_4_dense_36_sparse_1_levels_3_prob_0.6.apx,2,4,40
generated_only1/extensions_68719476736_gen_cyc_4_dense_36_sparse_1_levels_3_prob_0.7.apx,2,3,40
generated_only1/extensions_68719476736_gen_cyc_4_dense_36_sparse_2_levels_3_prob_0.2.apx,2,4,44
generated_only1/extensions_68719476736_gen_cyc_4_dense_36_sparse_2_levels_3_prob_0.3.apx,2,4,44
generated_only1/extensions_68719476736_gen_cyc_4_dense_36_sparse_2_levels_3_prob_0.4.apx,2,4,44
generated_only1/extensions_68719476736_gen_cyc_4_dense_36_sparse_2_levels_3_prob_0.5.apx,2,4,44
generated_only1/extensions_68719476736_gen_cyc_4_dense_36_sparse_2_levels_3_prob_0.6.apx,2,4,44
generated_only1/extensions_68719476736_gen_cyc_4_dense_36_sparse_2_levels_3_prob_0.7.apx,2,3,44
generated_only1/extensions_68719476736_gen_cyc_4_dense_36_sparse_3_levels_3_prob_0.2.apx,2,4,48
generated_only1/extensions_68719476736_gen_cyc_4_dense_36_sparse_3_levels_3_prob_0.3.apx,2,4,48
generated_only1/extensions_68719476736_gen_cyc_4_dense_36_sparse_3_levels_3_prob_0.4.apx,2,4,48
generated_only1/extensions_68719476736_gen_cyc_4_dense_36_sparse_3_levels_3_prob_0.5.apx,2,4,48
generated_only1/extensions_68719476736_gen_cyc_4_dense_36_sparse_3_levels_3_prob_0.6.apx,2,4,48
generated_only1/extensions_68719476736_gen_cyc_4_dense_36_sparse_3_levels_3_prob_0.7.apx,2,3,48
generated_only1/extensions_8388608_gen_cyc_4_dense_23_sparse_1_levels_3_prob_0.2.apx,2,4,27
generated_only1/extensions_8388608_gen_cyc_4_dense_23_sparse_1_levels_3_prob_0.3.apx,2,4,27
generated_only1/extensions_8388608_gen_cyc_4_dense_23_sparse_1_levels_3_prob_0.4.apx,2,4,27
generated_only1/extensions_8388608_gen_cyc_4_dense_23_sparse_1_levels_3_prob_0.5.apx,2,4,27
generated_only1/extensions_8388608_gen_cyc_4_dense_23_sparse_1_levels_3_prob_0.6.apx,2,4,27
generated_only1/extensions_8388608_gen_cyc_4_dense_23_sparse_1_levels_3_prob_0.7.apx,2,3,27
generated_only1/extensions_8388608_gen_cyc_4_dense_23_sparse_2_levels_3_prob_0.2.apx,2,4,31
generated_only1/extensions_8388608_gen_cyc_4_dense_23_sparse_2_levels_3_prob_0.3.apx,2,4,31
generated_only1/extensions_8388608_gen_cyc_4_dense_23_sparse_2_levels_3_prob_0.4.apx,2,4,31
generated_only1/extensions_8388608_gen_cyc_4_dense_23_sparse_2_levels_3_prob_0.5.apx,2,4,31
generated_only1/extensions_8388608_gen_cyc_4_dense_23_sparse_2_levels_3_prob_0.6.apx,2,4,31
generated_only1/extensions_8388608_gen_cyc_4_dense_23_sparse_2_levels_3_prob_0.7.apx,2,3,31
generated_only1/extensions_8388608_gen_cyc_4_dense_23_sparse_3_levels_3_prob_0.2.apx,2,4,35
generated_only1/extensions_8388608_gen_cyc_4_dense_23_sparse_3_levels_3_prob_0.3.apx,2,4,35
generated_only1/extensions_8388608_gen_cyc_4_dense_23_sparse_3_levels_3_prob_0.4.apx,2,4,35
generated_only1/extensions_8388608_gen_cyc_4_dense_23_sparse_3_levels_3_prob_0.5.apx,2,4,35
generated_only1/extensions_8388608_gen_cyc_4_dense_23_sparse_3_levels_3_prob_0.6.apx,2,4,35
generated_only1/extensions_8388608_gen_cyc_4_dense_23_sparse_3_levels_3_prob_0.7.apx,2,3,35
generated_only1/extensions_8589934592_gen_cyc_4_dense_33_sparse_1_levels_3_prob_0.2.apx,2,4,37
generated_only1/extensions_8589934592_gen_cyc_4_dense_33_sparse_1_levels_3_prob_0.3.apx,2,4,37
generated_only1/extensions_8589934592_gen_cyc_4_dense_33_sparse_1_levels_3_prob_0.4.apx,2,4,37
generated_only1/extensions_8589934592_gen_cyc_4_dense_33_sparse_1_levels_3_prob_0.5.apx,2,4,37
generated_only1/extensions_8589934592_gen_cyc_4_dense_33_sparse_1_levels_3_prob_0.6.apx,2,4,37
generated_only1/extensions_8589934592_gen_cyc_4_dense_33_sparse_1_levels_3_prob_0.7.apx,2,3,37
generated_only1/extensions_8589934592_gen_cyc_4_dense_33_sparse_2_levels_3_prob_0.2.apx,2,4,41
generated_only1/extensions_8589934592_gen_cyc_4_dense_33_sparse_2_levels_3_prob_0.3.apx,2,4,41
generated_only1/extensions_8589934592_gen_cyc_4_dense_33_sparse_2_levels_3_prob_0.4.apx,2,4,41
generated_only1/extensions_8589934592_gen_cyc_4_dense_33_sparse_2_levels_3_prob_0.5.apx,2,4,41
generated_only1/extensions_8589934592_gen_cyc_4_dense_33_sparse_2_levels_3_prob_0.6.apx,2,4,41
generated_only1/extensions_8589934592_gen_cyc_4_dense_33_sparse_2_levels_3_prob_0.7.apx,2,3,41
generated_only1/extensions_8589934592_gen_cyc_4_dense_33_sparse_3_levels_3_prob_0.2.apx,2,4,45
generated_only1/extensions_8589934592_gen_cyc_4_dense_33_sparse_3_levels_3_prob_0.3.apx,2,4,45
generated_only1/extensions_8589934592_gen_cyc_4_dense_33_sparse_3_levels_3_prob_0.4.apx,2,4,45
generated_only1/extensions_8589934592_gen_cyc_4_dense_33_sparse_3_levels_3_prob_0.5.apx,2,4,45
generated_only1/extensions_8589934592_gen_cyc_4_dense_33_sparse_3_levels_3_prob_0.6.apx,2,4,45
generated_only1/extensions_8589934592_gen_cyc_4_dense_33_sparse_3_levels_3_prob_0.7.apx,2,3,45
iccma/extensions_1013610184704_93.apx,2,2,61
iccma/extensions_1019215872_140.apx,2,2,47
iccma/extensions_10383014920499987138740224_267.apx,5,5,124
iccma/extensions_106198175675562766368768000_89.apx,3,3,121
iccma/extensions_106696662482681856_23.apx,2,2,79
iccma/extensions_10699776_14.apx,1,2,37
iccma/extensions_107199092594980159488000_245.apx,5,5,119
iccma/extensions_107780549640192000_154.apx,5,5,85
iccma/extensions_10795327488000_52.apx,5,5,68
iccma/extensions_108713022087757824000_39.apx,5,5,105
iccma/extensions_10943247434121216_334.apx,2,2,77
iccma/extensions_10956570624_199.apx,2,2,54
iccma/extensions_1098582485476391000211456000000_148.apx,5,5,152
iccma/extensions_10990579819216896000_109.apx,3,3,99
iccma/extensions_110021001508450417206362112_229.apx,5,5,126
iccma/extensions_110198702997504000_297.apx,5,5,89
iccma/extensions_11054415347712000_110.apx,5,5,83
iccma/extensions_111456000_20.apx,3,3,41
iccma/extensions_11271168589824_184.apx,5,5,63
iccma/extensions_1146617856000_217.apx,3,3,63
iccma/extensions_11513825739256439009968128000_183.apx,5,5,135
iccma/extensions_115684287228281880576000_256.apx,3,3,114
iccma/extensions_1167678932779008000000_138.apx,3,3,100
iccma/extensions_116955021312000000_292.apx,3,3,91
iccma/extensions_1210701053952_115.apx,2,2,56
iccma/extensions_125133218132262912000000_78.apx,5,5,116
iccma/extensions_1251873792000000_130.apx,3,3,75
iccma/extensions_12690432000000_206.apx,3,3,66
iccma/extensions_1270038528000_136.apx,5,5,64
iccma/extensions_1270038528000000_118.apx,5,5,81
iccma/extensions_128136415367437221888_178.apx,5,5,97
iccma/extensions_1287440874602496_289.apx,2,2,79
iccma/extensions_1302023686490537481732096000_371.apx,5,5,137
iccma/extensions_130459631616_322.apx,2,2,60
iccma/extensions_130755713826816_328.apx,2,2,67
iccma/extensions_13348186987878678528_194.apx,2,2,104
iccma/extensions_13410842443776_96.apx,2,2,68
iccma/extensions_134155541340594785746944_228.apx,5,5,115
iccma/extensions_136519220585299968000_248.apx,3,3,98
iccma/extensions_13652914176_249.apx,5,5,49
iccma/extensions_1377466465199950135296_253.apx,5,5,104
iccma/extensions_1381801918464000_83.apx,5,5,80
iccma/extensions_1408896073728000_42.apx,5,5,76
iccma/extensions_1435420843365629952000_204.apx,3,3,108
iccma/extensions_14392976279793918453743616000_343.apx,3,3,139
iccma/extensions_1463084384256000_347.apx,5,5,81
iccma/extensions_146801278175519597377093632000_160.apx,5,5,143
iccma/extensions_1476770414985216000_87.apx,3,3,84
iccma/extensions_1479552983511940461049675776000000_41.apx,3,3,162
iccma/extensions_148416036804793933806698496000_191.apx,5,5,147
iccma/extensions_14883264000000_265.apx,5,5,68
iccma/extensions_152393548560334848_182.apx,1,2,80
iccma/extensions_153108873216_25.apx,1,1,52
iccma/extensions_1556905243705344000_19.apx,3,3,90
iccma/extensions_15696198336849589932392448000_170.apx,5,5,139
iccma/extensions_158064276881694278025216000_24.apx,5,5,128
iccma/extensions_1590072311808_294.apx,2,2,64
iccma/extensions_160798638892470239232000_8.apx,5,5,113
iccma/extensions_16217762955264_342.apx,2,2,66
iccma/extensions_1630666752_58.apx,5,5,45
iccma/extensions_1656225792_192.apx,1,2,43
iccma/extensions_165888000_261.apx,3,3,44
iccma/extensions_165888000_341.apx,3,3,44
iccma/extensions_1661382223961925826690154496_169.apx,5,5,140
iccma/extensions_16807301973583639055695872000_344.apx,5,5,138
iccma/extensions_168732129617153396010123264_65.apx,5,5,127
iccma/extensions_16959231445690220544000_104.apx,5,5,118
iccma/extensions_17245719622582272000_120.apx,3,3,106
iccma/extensions_17387136000_332.apx,3,3,49
iccma/extensions_1739408353404125184000000_137.apx,5,5,127
iccma/extensions_175432531968000000_74.apx,3,3,93
iccma/extensions_177487884288000_241.apx,5,5,73
iccma/extensions_180622156489555968000000_155.apx,5,5,127
iccma/extensions_18124488648629378793603072000_254.apx,3,3,141
iccma/extensions_183097080912731833368576000_260.apx,5,5,141
iccma/extensions_184025088_274.apx,2,2,40
iccma/extensions_184221211828103024159490048_311.apx,5,5,122
iccma/extensions_185240032004125715595264_337.apx,5,5,114
iccma/extensions_1863885202025512950319546368000_313.apx,5,5,147
iccma/extensions_191102976_275.apx,2,2,41
iccma/extensions_191102976_361.apx,2,2,49
iccma/extensions_19160745647588021108736_88.apx,2,2,102
iccma/extensions_19492503552_36.apx,2,2,55
iccma/extensions_197261876454849983148982272000_129.apx,3,3,142
iccma/extensions_19844352000_49.apx,5,5,58
iccma/extensions_19919765302025053695639552000_33.apx,5,5,139
iccma/extensions_199283871194284032_68.apx,2,2,86
iccma/extensions_1997597879304192_323.apx,5,5,80
iccma/extensions_2000677509368119296_212.apx,5,5,86
iccma/extensions_2002131490116206592000_35.apx,5,5,108
iccma/extensions_2006208000000_312.apx,3,3,61
iccma/extensions_202176000000_340.apx,3,3,62
iccma/extensions_2027220369408000_159.apx,3,3,79
iccma/extensions_2031851601045253942935552000000_336.apx,5,5,147
iccma/extensions_20502815213381650219008000000_319.apx,3,3,143
iccma/extensions_209373227724570624_73.apx,5,5,86
iccma/extensions_2104126682185066486922477568000_4.apx,3,3,148
iccma/extensions_2117518378502455296_1.apx,2,2,89
iccma/extensions_21208412785461675687936000_226.apx,5,5,123
iccma/extensions_213570991806058856448_303.apx,2,2,107
iccma/extensions_21399552_163.apx,2,2,38
iccma/extensions_21399552000_113.apx,3,3,47
iccma/extensions_21399552000_164.apx,3,3,55
iccma/extensions_2142301615338553344_11.apx,2,2,94
iccma/extensions_214573479100416_251.apx,2,2,65
iccma/extensions_21530935296000000_56.apx,3,3,81
iccma/extensions_216000_57.apx,3,3,31
iccma/extensions_2164064369246208_82.apx,5,5,73
iccma/extensions_219208400883324813312_44.apx,5,5,105
iccma/extensions_219367709314199322624000_106.apx,5,5,115
iccma/extensions_22281555935232000_144.apx,5,5,88
iccma/extensions_2230598718716347158626304_227.apx,5,5,116
iccma/extensions_2268319357417291776000_374.apx,3,3,103
iccma/extensions_22707653631133471872424869888000000_2.apx,5,5,170
iccma/extensions_2275485696_108.apx,5,5,50
iccma/extensions_2275485696000_54.apx,5,5,59
iccma/extensions_22849142552322855709704192000_53.apx,5,5,139
iccma/extensions_2288575976795157823488000000_5.apx,5,5,140
iccma/extensions_2301232756958429184000_271.apx,5,5,104
iccma/extensions_23102226432_293.apx,2,2,52
iccma/extensions_23182848000_81.apx,3,3,53
iccma/extensions_2333450015555847192576_266.apx,5,5,98
iccma/extensions_23380884378315915264000_146.apx,5,5,116
iccma/extensions_236921420243521291419648_91.apx,2,2,114
iccma/extensions_23839333091616227328_272.apx,5,5,98
iccma/extensions_240648192_295.apx,2,2,49
iccma/extensions_240904661621365493131640832_150.apx,5,5,127
iccma/extensions_24109360645400970136154800128_257.apx,5,5,141
iccma/extensions_24129072678422024552448000_246.apx,5,5,125
iccma/extensions_24250318710228589215744000_358.apx,3,3,122
iccma/extensions_24271847424_363.apx,5,5,56
iccma/extensions_243724187224777127570178048_186.apx,5,5,120
iccma/extensions_243847397376_349.apx,5,5,57
iccma/extensions_244220430385152_208.apx,2,2,70
iccma/extensions_2452649269900779907448832000_354.apx,5,5,138
iccma/extensions_24652283904000_247.apx,3,3,68
iccma/extensions_2484338688000_277.apx,3,3,58
iccma/extensions_2486167372227592323072_365.apx,5,5,106
iccma/extensions_2489970662753131711954944000_259.apx,5,5,133
iccma/extensions_2524272132096_132.apx,5,5,58
iccma/extensions_2540077056000_314.apx,5,5,60
iccma/extensions_25929106587648000_55.apx,5,5,87
iccma/extensions_25937194403678455332864_26.apx,5,5,116
iccma/extensions_261111983616000000_60.apx,5,5,89
iccma/extensions_262637938418909184_250.apx,2,2,85
iccma/extensions_267378671222784000000_350.apx,5,5,106
iccma/extensions_27462911721541893881856000000_209.apx,5,5,146
iccma/extensions_27648000_131.apx,3,3,43
iccma/extensions_27864000_239.apx,3,3,39
iccma/extensions_279392550912_165.apx,2,2,55
iccma/extensions_28001400186670166310912000_377.apx,5,5,127
iccma/extensions_2852039159709696000_326.apx,5,5,93
iccma/extensions_2871938480684119621632_50.apx,5,5,104
iccma/extensions_29056825294848_211.apx,2,2,60
iccma/extensions_291707736293376_18.apx,2,2,73
iccma/extensions_2944401408_135.apx,1,1,43
iccma/extensions_299538_46.apx,2,2,30
iccma/extensions_30174395498496000_70.apx,3,3,83
iccma/extensions_30217811956931676340224000000_320.apx,3,3,143
iccma/extensions_302927264612352_10.apx,2,2,69
iccma/extensions_302927264612352000_220.apx,3,3,85
iccma/extensions_304349184_348.apx,2,2,42
iccma/extensions_3051434635726877097984000000_273.apx,5,5,138
iccma/extensions_3068310342611238912_300.apx,5,5,94
iccma/extensions_308020229248647168000_62.apx,5,5,109
iccma/extensions_31040798296375296000_197.apx,5,5,93
iccma/extensions_3109054316544000_351.apx,5,5,84
iccma/extensions_31456314261504000_151.apx,5,5,85
iccma/extensions_3149080544070137165119488_16.apx,5,5,120
iccma/extensions_31504435519684608_355.apx,2,2,80
iccma/extensions_315534016512_15.apx,5,5,54
iccma/extensions_321597277784940478464000000_100.apx,5,5,130
iccma/extensions_324109756517635325952000_72.apx,5,5,116
iccma/extensions_32688928456704000_282.apx,3,3,78
iccma/extensions_328171203330048_105.apx,2,2,69
iccma/extensions_32893599744000000_190.apx,3,3,84
iccma/extensions_329554940658502726582272000_193.apx,5,5,134
iccma/extensions_3311217464422957056000_187.apx,5,5,101
iccma/extensions_3344854749806592000_262.apx,5,5,93
iccma/extensions_337870061568_97.apx,2,2,56
iccma/extensions_338918810239107072000_333.apx,3,3,99
iccma/extensions_3398341621618008523800576000_98.apx,3,3,135
iccma/extensions_340100698759574813832904704000_21.apx,5,5,146
iccma/extensions_34129805146324992000_127.apx,3,3,95
iccma/extensions_3414293199445819392_362.apx,2,2,88
iccma/extensions_34463670776375222992896_270.apx,5,5,113
iccma/extensions_34504704000_296.apx,3,3,53
iccma/extensions_3456_195.apx,1,2,17
iccma/extensions_348397050933685518336000_339.apx,5,5,115
iccma/extensions_348681903538176_112.apx,2,2,73
iccma/extensions_3515252700357362416877568_202.apx,5,5,127
iccma/extensions_35345321306282262528000_318.apx,5,5,120
iccma/extensions_353741291126784_230.apx,5,5,67
iccma/extensions_3570393077798270750687232000000_157.apx,5,5,153
iccma/extensions_359424000_359.apx,3,3,42
iccma/extensions_3601003110425690112_299.apx,5,5,83
iccma/extensions_360972288_357.apx,2,2,43
iccma/extensions_37076509076226048_222.apx,5,5,77
iccma/extensions_372489579556503552000000_189.apx,5,5,121
iccma/extensions_373248000000_121.apx,3,3,63
iccma/extensions_373823424000_264.apx,3,3,57
iccma/extensions_37630297981845504_145.apx,2,2,76
iccma/extensions_377593513513112058200064000_244.apx,3,3,129
iccma/extensions_377593513513112058200064000_278.apx,3,3,133
iccma/extensions_38098839289724928_317.apx,5,5,72
iccma/extensions_382205952000000_364.apx,3,3,76
iccma/extensions_3850371072_32.apx,2,2,48
iccma/extensions_3881414189024392984159833582206976000_369.apx,5,5,173
iccma/extensions_388314300256616448000_119.apx,5,5,104
iccma/extensions_39077617134993408_43.apx,2,2,85
iccma/extensions_39257480198356992000_309.apx,5,5,98
iccma/extensions_39257480198356992000_95.apx,5,5,95
iccma/extensions_394436542464_375.apx,2,2,59
iccma/extensions_4051128499228901376_3.apx,5,5,84
iccma/extensions_405268662557475864576_356.apx,5,5,97
iccma/extensions_4082777940629127168000_45.apx,5,5,101
iccma/extensions_41101575165623402496_123.apx,5,5,96
iccma/extensions_41194367582312840822784000_325.apx,5,5,127
iccma/extensions_415840075776000_117.apx,3,3,74
iccma/extensions_416443349944170971136_17.apx,5,5,96
iccma/extensions_41774881499101790208_280.apx,2,2,91
iccma/extensions_419088826368000_315.apx,3,3,77
iccma/extensions_41941752348672_224.apx,5,5,71
iccma/extensions_4258071649133298450432000_34.apx,5,5,126
iccma/extensions_431263125017000833475858090950656_162.apx,5,5,155
iccma/extensions_43181309952000_139.apx,5,5,72
iccma/extensions_4331667456_30.apx,2,2,58
iccma/extensions_4365508608000_372.apx,3,3,64
iccma/extensions_439411802398784093159424000_200.apx,5,5,129
iccma/extensions_4515692544_214.apx,5,5,52
iccma/extensions_45224617188507254784000_188.apx,5,5,119
iccma/extensions_45224617188507254784000_63.apx,5,5,112
iccma/extensions_45228723535872_304.apx,2,2,72
iccma/extensions_4545437410787328000_324.apx,5,5,96
iccma/extensions_4572081204794228736000_367.apx,3,3,104
iccma/extensions_45791330697216000_366.apx,3,3,81
iccma/extensions_458448713300312064_225.apx,5,5,92
iccma/extensions_46006272_59.apx,1,2,39
iccma/extensions_460090368_236.apx,2,2,40
iccma/extensions_46092958192518561792000000_301.apx,3,3,130
iccma/extensions_462030343872970752000000_128.apx,5,5,120
iccma/extensions_462359119882297786125778944_22.apx,5,5,126
iccma/extensions_462737148913127522304000000_242.apx,3,3,134
iccma/extensions_4670715731116032_103.apx,2,2,81
iccma/extensions_4723620816105205747679232000_258.apx,5,5,139
iccma/extensions_47252362815005905649664000000_290.apx,5,5,141
iccma/extensions_473119072125922050048000000_29.apx,5,5,135
iccma/extensions_476023803173392827285504000_143.apx,5,5,126
iccma/extensions_47902466506752_213.apx,5,5,61
iccma/extensions_4820178634511745024000_284.apx,3,3,98
iccma/extensions_482395916677410717696000_179.apx,5,5,119
iccma/extensions_48694374476808192000000_286.apx,5,5,118
iccma/extensions_487846916683607310336000_13.apx,3,3,117
iccma/extensions_488258882433951555649536000_111.apx,5,5,136
iccma/extensions_48922361856000_223.apx,3,3,70
iccma/extensions_48922361856000_240.apx,3,3,74
iccma/extensions_4911197184000_173.apx,3,3,66
iccma/extensions_49244613453545472000_67.apx,3,3,93
iccma/extensions_493372747000556529933600423936_216.apx,5,5,144
iccma/extensions_493812000_310.apx,5,5,45
iccma/extensions_494567424_142.apx,1,2,40
iccma/extensions_4975873006381049836472755027968_176.apx,5,5,151
iccma/extensions_502689014133792178176_235.apx,5,5,101
iccma/extensions_504443285595684864000000_48.apx,5,5,116
iccma/extensions_5161812885504_141.apx,5,5,65
iccma/extensions_51980009472_321.apx,2,2,52
iccma/extensions_5202077810688_180.apx,5,5,67
iccma/extensions_523022855307264000_0.apx,3,3,83
iccma/extensions_52386103296000_243.apx,3,3,65
iccma/extensions_52918272000_90.apx,5,5,61
iccma/extensions_530141292972409329712889856000000_205.apx,3,3,156
iccma/extensions_53284256676060105232828845785088000_147.apx,5,5,168
iccma/extensions_537833663154676449782267904000_302.apx,5,5,146
iccma/extensions_542035488648072359546191872000_234.apx,5,5,144
iccma/extensions_542695406262087057408000_28.apx,5,5,118
iccma/extensions_54356511043878912_156.apx,5,5,85
iccma/extensions_5448154742784000_207.apx,3,3,74
iccma/extensions_5452690763022336000000_283.apx,3,3,114
iccma/extensions_550569937102304182272_215.apx,5,5,113
iccma/extensions_5509865860799800541184000_38.apx,5,5,118
iccma/extensions_552075264_94.apx,1,1,40
iccma/extensions_55678429128589451653948637184_40.apx,2,2,141
iccma/extensions_559595751487479742464000_346.apx,5,5,107
iccma/extensions_560918430703602643356352512000_171.apx,3,3,142
iccma/extensions_562690549509783552000_134.apx,5,5,109
iccma/extensions_564461568000_291.apx,5,5,60
iccma/extensions_568871424000_79.apx,5,5,59
iccma/extensions_57126289244772332010995712000_80.apx,5,5,144
iccma/extensions_5739098707240943616_198.apx,5,5,89
iccma/extensions_5750784000_255.apx,3,3,49
iccma/extensions_577305787118911488_218.apx,5,5,91
iccma/extensions_577787904000000_126.apx,3,3,76
iccma/extensions_5833975617317435867136000_31.apx,5,5,127
iccma/extensions_5911429773631968639153340416_285.apx,5,5,136
iccma/extensions_59502975396674103410688_221.apx,5,5,111
iccma/extensions_59693092209793450377216000_219.apx,3,3,124
iccma/extensions_6150547937636986650624000000_376.apx,5,5,134
iccma/extensions_616040458497294336_51.apx,5,5,89
iccma/extensions_62912628523008000_298.apx,5,5,90
iccma/extensions_63571554910976606208_288.apx,5,5,98
iccma/extensions_64068207683718610944000_92.apx,5,5,116
iccma/extensions_640959381504_368.apx,1,2,55
iccma/extensions_64368939368448_158.apx,5,5,63
iccma/extensions_643720437301248_174.apx,2,2,80
iccma/extensions_64793906734515107240916025344_102.apx,5,5,139
iccma/extensions_64871051821056_238.apx,2,2,68
iccma/extensions_6497501184000_85.apx,3,3,68
iccma/extensions_653275974936180031488000_360.apx,3,3,117
iccma/extensions_6624903168_12.apx,1,2,49
iccma/extensions_663552_84.apx,1,2,28
iccma/extensions_67836925782760882176000_61.apx,5,5,116
iccma/extensions_6912_327.apx,1,2,21
iccma/extensions_69380542546953262021912559616000_233.apx,5,5,157
iccma/extensions_69848137728000_133.apx,3,3,69
iccma/extensions_70557696_168.apx,5,5,43
iccma/extensions_7060808546648064000_338.apx,3,3,95
iccma/extensions_7088156146925568_276.apx,5,5,75
iccma/extensions_7099857764352_287.apx,2,2,67
iccma/extensions_713009789927424_167.apx,5,5,74
iccma/extensions_72251080704_99.apx,5,5,58
iccma/extensions_72334649249474304540672_263.apx,5,5,112
iccma/extensions_72815542272000_69.apx,5,5,71
iccma/extensions_7304380416_237.apx,2,2,55
iccma/extensions_7338000384_37.apx,5,5,50
iccma/extensions_73384413696_201.apx,5,5,53
iccma/extensions_736100352_177.apx,2,2,42
iccma/extensions_7369610231808_279.apx,5,5,61
iccma/extensions_7392485501967532032000_77.apx,5,5,114
iccma/extensions_740960128016502862381056000_86.apx,5,5,132
iccma/extensions_7432470419918624391168_185.apx,5,5,106
iccma/extensions_751711487457012643528704_345.apx,5,5,123
iccma/extensions_76168385659696442681327616000_152.apx,5,5,140
iccma/extensions_76681728_307.apx,2,2,40
iccma/extensions_7670425630703616000000_76.apx,5,5,116
iccma/extensions_768818492204623331328000000_166.apx,5,5,135
iccma/extensions_77152518144_172.apx,1,2,45
iccma/extensions_803363105751957504_335.apx,2,2,85
iccma/extensions_81282465792_210.apx,5,5,55
iccma/extensions_817864170799104000_149.apx,5,5,89
iccma/extensions_8200730583515982200832000_122.apx,5,5,123
iccma/extensions_82420420313088000000_352.apx,5,5,95
iccma/extensions_8293542650556973056000000_175.apx,3,3,116
iccma/extensions_82944000_27.apx,3,3,44
iccma/extensions_83883504697344_161.apx,5,5,70
iccma/extensions_83883504697344_331.apx,5,5,68
iccma/extensions_84934656_64.apx,2,2,40
iccma/extensions_85155244549607396647215562752_268.apx,2,2,136
iccma/extensions_85424276911624814592000_7.apx,5,5,110
iccma/extensions_8556117479129088_125.apx,5,5,80
iccma/extensions_8556117479129088_47.apx,5,5,74
iccma/extensions_858293916401664_203.apx,2,2,74
iccma/extensions_8798407104940604486181715968_373.apx,5,5,141
iccma/extensions_88056004608_316.apx,5,5,55
iccma/extensions_88056004608_71.apx,5,5,52
iccma/extensions_88845532591320484282368000_370.apx,3,3,129
iccma/extensions_8995452519186432_232.apx,2,2,74
iccma/extensions_900986830848_75.apx,2,2,55
iccma/extensions_911109559273873871424454656_107.apx,5,5,131
iccma/extensions_916897426600624128000_153.apx,5,5,106
iccma/extensions_9193846942497636410720256_181.apx,5,5,125
iccma/extensions_9312122384727778258845696_305.apx,2,2,116
iccma/extensions_935640170496_269.apx,2,2,59
iccma/extensions_935640170496000_66.apx,3,3,74
iccma/extensions_9403622655787008_124.apx,5,5,78
iccma/extensions_946602049536_306.apx,5,5,55
iccma/extensions_94811904_196.apx,5,5,43
iccma/extensions_94948324200677376000_6.apx,5,5,98
iccma/extensions_95357332366464909312000_308.apx,5,5,113
iccma/extensions_95551488000_101.apx,3,3,56
iccma/extensions_956148734497202577390698496_252.apx,5,5,136
iccma/extensions_960371518709597995008_116.apx,2,2,105
iccma/extensions_9617768588755876184064000_114.apx,5,5,128
iccma/extensions_96334774272_9.apx,5,5,56
iccma/extensions_9640357269023490048000_330.apx,3,3,110
iccma/extensions_9836619143323595815551158452224_353.apx,5,5,153
iccma/extensions_9917162566112350568448_231.apx,5,5,111
iccma/extensions_992205122568192000000_281.apx,3,3,107
iccma/extensions_994132551006041407488_329.apx,5,5,107
